상품명,등급,판매가,할인률,배송비,판매자,판매등급
[중고]주식투자절대지식,상,17000,37%,3300,라일락책,파워셀러
[중고]주식투자절대지식,상,17990,33%,3300,최저가북스,파워셀러
[중고]주식투자절대지식,최상,19400,28%,3300,소독한 책만,전문셀러
[중고]주식투자절대지식,최상,19400,28%,4900,haisui,골드셀러
[중고]주식투자절대지식,최상,20700,23%,2500,책속의책,전문셀러
[중고]주식투자절대지식,최상,20790,23%,2500,책속의책,전문셀러
[중고]주식투자절대지식,최상,21000,22%,2500,책속의책,전문셀러
[중고]주식투자절대지식,최상,21000,22%,2500,책속의책,전문셀러
[중고]주식투자절대지식,최상,21000,22%,2500,북코치,전문셀러
[중고]주식투자절대지식,최상,24300,10%,4000,북토리,전문셀러
[중고]주식투자절대지식,최상,24300,10%,3300,벌거벗은세계사,파워셀러
[중고]주식투자절대지식,최상,24300,10%,3300,문자가빠릅니다,파워셀러
[중고]주식투자절대지식,최상,24300,10%,3000,rongnong,파워셀러
[중고]주식투자절대지식,최상,24300,10%,3300,벌거벗은세계사,파워셀러
[중고]주식투자절대지식,최상,24300,10%,3300,문자가빠릅니다,파워셀러
[중고]주식투자절대지식,최상,24300,10%,3300,문자가빠릅니다,파워셀러
[중고]주식투자절대지식,최상,24300,10%,3300,문자가빠릅니다,파워셀러
[중고]주식투자절대지식,최상,24300,10%,3300,상록수,파워셀러
[중고]주식투자절대지식,최상,24300,10%,3300,상록수,파워셀러
[중고]주식투자절대지식,최상,24300,10%,3300,상록수,파워셀러
[중고]주식투자절대지식,최상,24300,10%,3300,상록수,파워셀러
[중고]주식투자절대지식,최상,27000,0%,3300,상록수,파워셀러
[중고]아웃퍼포머,중,5000,72%,3300,漢山,파워셀러
[중고]아웃퍼포머,최상,6000,66%,3300,이재상,실버셀러
[중고]아웃퍼포머,상,6100,66%,3300,나무한그루책방,전문셀러
[중고]아웃퍼포머,최상,7000,61%,3000,스카이books,전문셀러
[중고]아웃퍼포머,최상,8000,55%,3300,책파는루키,실버셀러
[중고]아웃퍼포머,상,8200,51%,2500,우주점 중고매장창원상남점, 
[중고]아웃퍼포머,최상,8700,48%,2500,우주점 중고매장종로점, 
[중고]아웃퍼포머,상,8900,47%,2500,우주점 중고매장이수역점, 
[중고]아웃퍼포머,상,8900,47%,2500,우주점 중고매장영등포점, 
[중고]아웃퍼포머,상,8900,47%,2500,우주점 중고매장영등포점, 
[중고]아웃퍼포머,상,8900,47%,2500,우주점 중고매장분당야탑점, 
[중고]아웃퍼포머,최상,9100,46%,2500,우주점 중고매장화정점, 
[중고]아웃퍼포머,최상,9100,46%,2500,우주점 중고매장인천청라점, 
[중고]아웃퍼포머,최상,9200,45%,2500,우주점 중고매장신림점, 
[중고]아웃퍼포머,최상,9200,45%,2500,우주점 중고매장광주상무점, 
[중고]아웃퍼포머,최상,9200,45%,2500,우주점 중고매장수원시청역점, 
[중고]아웃퍼포머,최상,9200,45%,2500,우주점 중고매장잠실롯데월드타워점, 
[중고]아웃퍼포머,최상,9200,45%,2500,우주점 중고매장수유점, 
[중고]아웃퍼포머,최상,9200,48%,2500,우주점 중고매장대구동성로점, 
[중고]아웃퍼포머,최상,9700,46%,2500,우주점 중고매장대구동성로점, 
[중고]아웃퍼포머,최상,10000,44%,3300,꿈꾸는다락방,실버셀러
[중고]아웃퍼포머,최상,10000,44%,3300,아마존,실버셀러
[중고]아웃퍼포머,최상,13000,23%,3000,청계천헌책방,전문셀러
[중고]아웃퍼포머,최상,13000,27%,3300,안경진,실버셀러
[중고]아웃퍼포머,최상,13050,22%,3300,북for유,전문셀러
[중고]아웃퍼포머,최상,13050,22%,3300,북for유,전문셀러
[중고]아웃퍼포머,최상,13050,22%,3300,최상은새책,파워셀러
[중고]아웃퍼포머,최상,13050,22%,3300,최상은새책,파워셀러
[중고]아웃퍼포머,최상,13440,20%,2500,책속의책,전문셀러
[중고]아웃퍼포머,최상,13440,20%,2500,책속의책,전문셀러
[중고]아웃퍼포머,최상,13900,17%,2500,북코치,전문셀러
[중고]아웃퍼포머,최상,14640,18%,2500,책속의책,전문셀러
[중고]아웃퍼포머,최상,14840,17%,2500,책속의책,전문셀러
[중고]아웃퍼포머,최상,15120,10%,4000,북토리,전문셀러
[중고]아웃퍼포머,최상,15120,10%,3300,상록수,파워셀러
[중고]아웃퍼포머,최상,15120,10%,3300,벌거벗은세계사,파워셀러
[중고]아웃퍼포머,최상,16020,10%,3300,문자가빠릅니다,파워셀러
[중고]아웃퍼포머,최상,16020,5%,3000,rongnong,파워셀러
[중고]크랙,상,18000,0%,3300,딱따구리 서점,전문셀러
[중고]크랙,상,19000,0%,3300,콜링BOOK,전문셀러
[중고]크랙,상,20000,0%,3000,세이북,전문셀러
[중고]크랙,상,28000,0%,3300,글이 익어가는 책방,전문셀러
[중고]크랙,상,28000,0%,3000,운정북스,전문셀러
[중고]크랙,상,30000,0%,3300,북for유,전문셀러
[중고]크랙,최상,50000,0%,3300,헤헤,새내기셀러
[중고]크랙,최상,70000,0%,3300,미친과학자,새내기셀러
[중고]데미안,중,2500,69%,3500,고시책사랑,전문셀러
[중고]데미안,중,3000,62%,3000,마중물,파워셀러
[중고]데미안,상,3400,58%,3300,용용이네,파워셀러
[중고]데미안,상,3500,56%,3300,김미소책방,전문셀러
[중고]데미안,중,3500,56%,3300,슈가북,전문셀러
[중고]데미안,상,3800,52%,3300,푸른아이,파워셀러
[중고]데미안,최상,4000,50%,3000,nari,전문셀러
[중고]데미안,최상,4000,50%,3300,책책책책임져,파워셀러
[중고]데미안,상,4000,50%,3300,마고성,전문셀러
[중고]데미안,상,4000,50%,3300,다비드비야,실버셀러
[중고]데미안,상,4000,50%,3300,jsj331149,실버셀러
[중고]데미안,중,4000,50%,3300,📖 북심리 💕,전문셀러
[중고]데미안,중,4000,50%,3300,gyu8004,파워셀러
[중고]데미안,중,4000,43%,3300,김판장,실버셀러
[중고]데미안,중,4000,50%,3300,신뢰짱북스토어,실버셀러
[중고]데미안,상,4100,49%,3300,안젤라책방,실버셀러
[중고]데미안,최상,4390,45%,3300,중고책,실버셀러
[중고]데미안,최상,4400,45%,3300,파파루 컬렉션 급처,파워셀러
[중고]데미안,상,4500,44%,3300,꼬물꼬물,파워셀러
[중고]데미안,상,4900,39%,3300,파랑새,파워셀러
[중고]데미안,중,4900,30%,2500,알라딘, 
[중고]데미안,최상,5000,38%,3300,책과 함께,실버셀러
[중고]데미안,최상,5000,38%,3300,winny93,실버셀러
[중고]데미안,최상,5000,38%,3300,Grace,실버셀러
[중고]데미안,최상,5000,38%,3300,이경아,실버셀러
[중고]데미안,최상,5000,38%,3300,이영찬,새내기셀러
[중고]데미안,최상,5000,38%,3300,네모김,새내기셀러
[중고]데미안,최상,5000,38%,3300,book_eem,새내기셀러
[중고]데미안,최상,5000,38%,3300,이지원,새내기셀러
[중고]데미안,상,5000,38%,3000,달마서점,전문셀러
[중고]데미안,상,5000,38%,3300,漢山,파워셀러
[중고]데미안,상,5000,29%,3300,옥토끼,파워셀러
[중고]데미안,상,5000,38%,3300,tweety43,골드셀러
[중고]데미안,상,5000,38%,3300,수학쌤,실버셀러
[중고]데미안,상,5000,38%,3300,강아지뿔,실버셀러
[중고]데미안,상,5000,38%,3300,다섯넷,실버셀러
[중고]데미안,상,5000,38%,3300,J,실버셀러
[중고]데미안,상,5000,38%,3300,양냥펀치,실버셀러
[중고]데미안,상,5000,38%,3300,망밍뭉맹,새내기셀러
[중고]데미안,중,5000,38%,3300,또영이맘,파워셀러
[중고]데미안,중,5000,38%,3300,슬픈바램,새내기셀러
[중고]데미안,중,5000,29%,3300,제인북쉘프,새내기셀러
[중고]데미안,중,5300,34%,2500,우주점 중고매장마산합성점, 
[중고]데미안,중,5300,34%,2500,우주점 중고매장분당서현점, 
[중고]데미안,중,5300,34%,2500,우주점 중고매장부산센텀점, 
[중고]데미안,중,5300,34%,2500,우주점 중고매장수지점, 
[중고]데미안,상,5400,32%,3300,이팝나무,전문셀러
[중고]데미안,상,5400,32%,2500,우주점 중고매장평택점, 
[중고]데미안,최상,5500,31%,3000,청계천헌책방,전문셀러
[중고]데미안,최상,5500,31%,3000,청계천헌책방,전문셀러
[중고]데미안,최상,5500,31%,3300,도서지기,파워셀러
[중고]데미안,최상,5500,31%,3300,솔솔,실버셀러
[중고]데미안,상,5500,31%,2500,알라딘, 
[중고]데미안,상,5500,31%,2500,알라딘, 
[중고]데미안,상,5500,31%,2500,우주점 중고매장범계점, 
[중고]데미안,상,5500,31%,2500,우주점 중고매장부산덕천점, 
[중고]데미안,상,5500,31%,2500,우주점 중고매장신림점, 
[중고]데미안,상,5500,31%,2500,우주점 중고매장수지점, 
[중고]데미안,상,5500,31%,2500,우주점 중고매장신림점, 
[중고]데미안,상,5500,31%,2500,우주점 중고매장수지점, 
[중고]데미안,상,5500,31%,2500,우주점 중고매장신림점, 
[중고]데미안,중,5500,31%,3300,effort_man1,실버셀러
[중고]데미안,최상,5600,30%,2500,알라딘, 
[중고]데미안,최상,5600,30%,3000,달마서점,전문셀러
[중고]데미안,최상,5600,30%,4500,민음사 세계문학,파워셀러
[중고]데미안,최상,5600,30%,2500,우주점 중고매장김해점, 
[중고]데미안,최상,5600,30%,2500,우주점 중고매장수원시청역점, 
[중고]데미안,최상,5600,30%,2500,우주점 중고매장수원점, 
[중고]데미안,상,5600,30%,3300,오늘책,실버셀러
[중고]데미안,최상,5800,28%,4500,민음사 세계문학,파워셀러
[중고]데미안,최상,5800,28%,4500,민음사 세계문학,파워셀러
[중고]데미안,최상,5950,26%,3300,최상은새책,파워셀러
[중고]데미안,최상,6000,25%,3000,넘버원헌책방,전문셀러
[중고]데미안,최상,6000,25%,3300,큰북,전문셀러
[중고]데미안,최상,6000,25%,2500,나무생각,전문셀러
[중고]데미안,최상,6000,25%,3300,박물관고양이,골드셀러
[중고]데미안,최상,6000,25%,3300,당고맛,실버셀러
[중고]데미안,최상,6000,25%,3300,starryHI,실버셀러
[중고]데미안,최상,6000,25%,3300,경,실버셀러
[중고]데미안,최상,6000,25%,3300,esorr,실버셀러
[중고]데미안,최상,6000,25%,3300,rhs7880,새내기셀러
[중고]데미안,최상,6000,25%,3300,쥬쥬쥬,새내기셀러
[중고]데미안,상,6000,25%,3300,철학,전문셀러
[중고]데미안,상,6000,25%,3300,문자가빠릅니다,파워셀러
[중고]데미안,최상,6140,23%,2500,책속의책,전문셀러
[중고]데미안,최상,6160,23%,2500,Book&People,전문셀러
[중고]데미안,최상,6160,23%,2500,Book&People,전문셀러
[중고]데미안,최상,6160,23%,2500,Book&People,전문셀러
[중고]데미안,최상,6160,23%,2500,Book&People,전문셀러
[중고]데미안,최상,6160,23%,2500,Book&People,전문셀러
[중고]데미안,최상,6230,22%,2500,책속의책,전문셀러
[중고]데미안,최상,6230,22%,2500,책속의책,전문셀러
[중고]데미안,최상,6230,22%,2500,책속의책,전문셀러
[중고]데미안,최상,6230,22%,2500,책속의책,전문셀러
[중고]데미안,최상,6300,21%,2800,작은책방,전문셀러
[중고]데미안,최상,6300,21%,2800,낭만책방,전문셀러
[중고]데미안,최상,6300,21%,2800,작은책방,전문셀러
[중고]데미안,최상,6300,21%,2800,낭만책방,전문셀러
[중고]데미안,최상,6300,21%,2500,한솔문고,파워셀러
[중고]데미안,최상,6300,21%,2500,한솔문고,파워셀러
[중고]데미안,최상,6300,21%,2500,한솔문고,파워셀러
[중고]데미안,최상,6400,20%,3000,넘버원헌책방,전문셀러
[중고]데미안,최상,6400,20%,2800,작은책방,전문셀러
[중고]데미안,최상,6400,20%,2800,낭만책방,전문셀러
[중고]데미안,최상,6400,20%,2500,책속의책,전문셀러
[중고]데미안,최상,6400,20%,3000,dam e-story,파워셀러
[중고]데미안,최상,6450,19%,2500,책속의책,전문셀러
[중고]데미안,최상,6480,19%,2500,Book&People,전문셀러
[중고]데미안,상,6500,19%,3300,기쁨나무,실버셀러
[중고]데미안,최상,6600,18%,2800,작은책방,전문셀러
[중고]데미안,최상,6600,18%,2800,낭만책방,전문셀러
[중고]데미안,최상,6700,16%,2800,낭만책방,전문셀러
[중고]데미안,최상,6700,16%,2800,작은책방,전문셀러
[중고]데미안,최상,6700,16%,2800,낭만책방,전문셀러
[중고]데미안,최상,6700,16%,2800,작은책방,전문셀러
[중고]데미안,최상,6800,15%,2500,Book&People,전문셀러
[중고]데미안,최상,6800,15%,2500,고양이책방,전문셀러
[중고]데미안,최상,6800,15%,2500,책속의책,전문셀러
[중고]데미안,상,6900,14%,3300,엄마표영어,실버셀러
[중고]데미안,최상,7000,12%,3300,큰북,전문셀러
[중고]데미안,최상,7000,12%,3300,TOMATO 책방,파워셀러
[중고]데미안,최상,7000,0%,2900,풀꽃 마을,파워셀러
[중고]데미안,최상,7000,12%,3000,산휘보헤미안,파워셀러
[중고]데미안,최상,7000,12%,3300,채그로,실버셀러
[중고]데미안,최상,7000,12%,3300,코란도,실버셀러
[중고]데미안,최상,7000,12%,3300,복실이,실버셀러
[중고]데미안,최상,7000,12%,3300,곰돌이 푸우,새내기셀러
[중고]데미안,최상,7200,10%,4000,북토리,전문셀러
[중고]데미안,최상,7200,10%,4000,북토리,전문셀러
[중고]데미안,최상,7200,10%,4000,북토리,전문셀러
[중고]데미안,최상,7200,10%,2500,10억바라기,파워셀러
[중고]데미안,최상,7200,10%,3000,rongnong,파워셀러
[중고]데미안,최상,7200,10%,3300,상록수,파워셀러
[중고]데미안,최상,7200,10%,3300,벌거벗은세계사,파워셀러
[중고]데미안,최상,7500,6%,3300,장규화,새내기셀러
[중고]데미안,최상,8000,0%,3300,벌거벗은세계사,파워셀러
[중고]데미안,최상,8000,0%,3300,문자가빠릅니다,파워셀러
[중고]데미안,최상,8000,0%,3300,문자가빠릅니다,파워셀러
[중고]데미안,최상,8000,0%,3300,상록수,파워셀러
[중고]데미안,최상,8000,0%,3300,벌거벗은세계사,파워셀러
[중고]데미안,최상,8000,0%,3300,csplanning,실버셀러
[중고]데미안,최상,8000,0%,3000,대치문고,실버셀러
[중고]데미안,상,8000,0%,3300,선한서점 단행본,파워셀러
[중고]데미안,상,8000,0%,3300,조경숙,실버셀러
[중고]데미안,최상,8980,0%,6000,깨끗한책,파워셀러
[중고]데미안,최상,8990,0%,6000,깨끗한책,파워셀러
[중고]데미안,최상,9000,0%,3300,시온북스,실버셀러
[중고]데미안,최상,9900,0%,2500,송설북,전문셀러
[중고]데미안,최상,10000,0%,3300,별바라기,골드셀러
